system,n,route_hit,route_precision,route_recall,route_f1,keyword_score,exact_match_on_exact_tasks,answer_score,accepted_rate,avg_verification_score,avg_estimated_cost,avg_parallel_latency,avg_activation_count,avg_unique_expert_count,quality_score,cost_adjusted_score
DENA_top1,33,1.0,0.8787878787878788,0.9747474747474747,0.9030303030303031,0.9393939393939393,1.0,0.9393939393939393,1.0,0.8223232323232323,0.19363636363636363,0.19363636363636363,1.5757575757575757,1.5757575757575757,0.9613636363636363,0.9323181818181818
DENA_top2,33,1.0,0.6161616161616161,1.0,0.7414141414141414,0.9494949494949495,1.0,0.9494949494949495,0.9696969696969697,0.7877919575378368,0.3372727272727273,0.24333333333333335,3.1515151515151514,2.212121212121212,0.9742424242424242,0.9283484848484849
DENA_top3,33,1.0,0.45707070707070707,1.0,0.6017316017316018,0.9494949494949495,1.0,0.9494949494949495,0.9696969696969697,0.7499218649526304,0.4848484848484849,0.3,4.7272727272727275,3.0303030303030303,0.9742424242424242,0.9107575757575758
OracleRouter_upper_bound,33,1.0,0.6363636363636364,0.9595959595959596,0.7333333333333333,0.9292929292929293,1.0,0.9292929292929293,1.0,0.7466351957707721,0.3093939393939394,0.22666666666666666,3.1515151515151514,2.0,0.95,0.9077272727272727
AllExperts_proxy,33,1.0,0.2787878787878788,1.0,0.41991341991341996,0.9494949494949495,1.0,0.9494949494949495,1.0,0.7132599935338089,0.7878787878787878,0.3151515151515152,7.878787878787879,5.0,0.9772727272727273,0.8827272727272727
RandomRouter_proxy,33,0.7272727272727273,0.3383838383838384,0.6363636363636364,0.4316017316017316,0.8131313131313131,0.6363636363636364,0.8025252525252525,0.9393939393939394,0.7027943901526569,0.29878787878787877,0.21333333333333335,3.1515151515151514,2.5454545454545454,0.741439393939394,0.7008939393939394
GeneralOnly_proxy,33,0.0,0.0,0.0,0.0,0.4949494949494949,0.0,0.448989898989899,1.0,0.58,0.06303030303030303,0.06303030303030303,1.5757575757575757,1.0,0.30204545454545456,0.2925909090909091
