system,n,route_hit,route_coverage,keyword_score,exact_score,accepted_rate,avg_verification_score,avg_estimated_cost,avg_parallel_latency
AllExperts_proxy,20,1.0,1.0,0.9333333333333333,0.3,1.0,0.7144283003539422,0.725,0.29000000000000004
DENA_top1,20,1.0,0.975,0.9166666666666666,0.3,1.0,0.8338333333333333,0.179,0.179
DENA_top2,20,1.0,1.0,0.9333333333333333,0.3,1.0,0.7954158167582328,0.317,0.23550000000000001
GeneralOnly_proxy,20,0.0,0.0,0.44166666666666665,0.05,1.0,0.58,0.058,0.058
